,clean_text,vin
0,think also defacto wait room general merrier model lr black interior midnight silver exterior order date vin edd na locat nsw,0
1,yeah definit plan also spend way much time tesla forum whirlpool mention vin benefit,0
2,order day color differ mine lr wonder go get vin first,0
3,would expect first see hidden vin first week januari use nt alreadi car alloc presum slight specif date start appear hear shift around time much closer deliveri sure next month fli man would nice new car summer break whenev come plenti time enjoy guess forum patient wait specul second guess tri car come sooner,0
4,blank rego paper complet one vin etc got former day order sure benefit half complet rego paper mayb fill rest paid nt,0
5,woo got call sa cancel get car th could week th famili christma stuff go complic sacrif day order date lr msmblack interior edit deliveri date hidden vin account page realli happen feel weird go generic blank page estim span hour,1
6,wohoo congrat mate hope cancel pop curious know vin match cancel realloc,0
7,liter daili check account page yeah tragic sa call ask want year wait build ask differ see say anyth comput said alreadi got new batteri pack go model cours accept offer negoti deliveri appoint via sms said get match sort settl datetim took anoth minut deliveri appt hidden vin appear account refresh everi min point final invoic yet see come,0
8,hi st post model lr black interior midnight silver exterior order date vin edd na locat gold coast,0
9,order show week time got vin chang week end actual week order,1
10,contact sale advis late nov told januari vin assign hope februari deliveri first week dec told earli next year vin assign hope wait custom order audi month plus wait itâ would chang car anyway finger cross deliv would posit custom experi hit week estim origin provid key card hand jan feb,0
11,novemb order see hidden vin yet mine still show null week order date weekend week estim get closer finger cross vin next coupl week plan holiday airli beach easter drive gold coast hope tesla also finger cross see new supercharg bundaberg childer estim q rockhampton estim q anyon know childer supercharg built process built yet,0
12,wo nt get vin car built like earli jan would nt expect car earlymid feb best childer appear one mani q pin miss noon spot site construct yet,0
13,wonder happen ship morn clara depart china tri piec togeth bit broken inform bunch place found last year said vin appear fals match vin car loadedjust loadingship depart guess tell ship suppos arriv shanghai tomorrow nd post seem indic ship load happen hrs depart might worth check later week,0
14,nt expect tesla purchas experi similar buy phone telstra next hear assign vin issu invoic payment,0
15,still vin ed order lr whitewhit melbourn hope get within next month probabl optimist,0
16,itâ januari start keep eye hidden vin love car itâ fun drive around wouldnât give earli deliveri kinda miss wonât full hidden vin ship track experi mayb next car,0
17,watch morn clara vesselfind myshiptrack posit data day old believ ship shanghai right sail brisban port kembla sydney deliveri melbourn better way track ship car ship expect hidden vin appear sourc code young inexperienc car hunt ship track ok young still inexperienc,0
18,seen report vari everywher hidden vin show load ship left other say saw noth basic alreadi consid expect take deliveri x perf model q hope soon see random,0
19,receiv mail solar victoria regard applic zev subsidi although vin assign yet account,0
20,visibl other nt seem follow rhyme reason know contact time come vin check lead nt sweat noth appear week,0
21,found answer look like model get ryzen around may lotto check sale rep vin canceldelay like probabl wait faster chip,0
22,get vin assign reach sa confirm sa wo nt access system contain car spec access someon within tesla look car detail way confirm last quarter guid lot wild specul internet car vin xxx built x date wrong sa late octob abl confirm car come kwh battteri tesla contact end call back confirm phone batteri,0
23,phone app say week interest go manag page order order number field vin current list na edd back well week thing continu chang regard inform display,0
24,instal chrome extens give inform bottom page instal gave vin na refer number,0
25,quit possibl though mention announc part extens look screen dump see vin field partial scrub updat confirm extens view page maco safari vin field correct,0
26,dont need vin subscrib,0
27,donât need vin help later join far year focus educatingcoach look focus group studi shanghai factori video look right hand drive export move vin build date ship estim deliveri date quarter progress other group good analys rumour vs fact particular hardwar chang advic whether subscrib want deep dive investig car shnghai built interest ship car like wait vin build date,0
28,sign vedaprim servic follow order say patreon link discord provid serious good question answer singl day discord inform ship deliveri system work first class high recommend vin arriv follow deliveri identif servic also provid,0
29,receiv phone call sa introduc plus text messag plus email hectic time prensw incent start heap vehicl arriv mayb got lucki contact vin various onlin paperwork start seem busi twice polit remind issu login stuff handl effici effect overal total experi excel equal best yrs buy car,1
30,spoke tesla rep told plan deliveri feb also told model transit oz process vin assign like closer end month finger cross get delay,1
31,sa also advis receiv deliveri updat come week week say end month hope vin,0
32,advis today receiv vin next coupl week sound like over âeducatedâ statement hereâ hope tradeinâ km slowli rack close estim figur gave donât want drop valu,0
33,also got call today sa advis late feb earli march order rwd earli novemb melbourn idea odd get new processor whatev want car haha told vin invoic would sent next week,0
34,vin issu built car built earli feb first shipment get vin first car built ship depart shanghai,0
35,vin sa abl call intern contact confirm whether car amd chip happi dm tell otherwis,0
36,order date share hope got courtesi call sa told expect vin assign next coupl week end jan confirm car nt built yet ask chip nt sure mention new car deliv china come amd sure au yet sinc nt deliveri yet abl tell first car land also indic chip wo nt random car come atom other ryzen decid built date base chat seem quit confid new chip noth confirm far,0
37,check sa order rememb correct perform deliveri sydney sa said still expect deliveri week mention order date like websit say mind read deliveri end march though week would end feb amd chip knowledg either said know car arriv countri though suspect mechan match vin part might abil though push check get vin assign,0
38,order mlr day nov day got call day ago say expect vin soon ask amd chip said sure slowli roll end q vin alloc order possibl get definit answer car seem upgrad worth cancel order go back queue paid order fee howev note price mlr reduc order,0
39,nobodi know sure late febear march like assign vin number nobodi say sure order decemb rwd told sale agent cutoff decemb quarter car howev may hold true lr perform model anoth poster somewher forum told may delay order think perform earlier decemb cutoff date may littl differ model let hope factori nt run crucial part build car,0
40,sa never reach send email tesla call told sa sent messag last friday respons yet well hope get vin end jan,0
41,rn number infact still rn number page got vin chrome extens,1
42,like wise vin found extens,0
43,check account assign vin start lrw,1
44,correct look sourc code lrw sitesforum said review sourc isnotmatchedtoravin bit mine still say true whole time even though vin actual today order page also updat final payment amount due prior look vin though,1
45,check sourc code via crome extens vin yet standard rang order mid nov brisban,0
46,od hidden vin yet,0
47,anyon order sr get vin yet seem lr assign moment,0
48,receiv hidden vin today follow sa model lr whiteblack order date nov edd vin hidden sourc code locat nsw,1
49,order sr vic vin edd either speak insur everi quot gotten year quit expens young though might,0
50,receiv hidden vin today model sr blueblack order date nov edd vin hidden sourc code locat qld,1
51,vin yet mlr order date white black interior nsw,0
52,someon tesla model group fb order mp nov receiv vin today interest also mention accept rang decreas messag like order lr,1
53,anyon sydney receiv vin yet,0
54,vin yet rwd white white interior order date white white interior melbourn vic,0
55,vin estim deliveri februari februari,0
56,interest rang chang affect lr sure logic reason affect rwdsr advertis rang sandbag advanc also hidden vin yet order detail,0
57,vinâ circul today anyon confirm receiv product model believ th letter vin nâ thank,0
58,vin tenth letter n build date,0
59,anybodi receiv vin silver lr sa told make cutoff given tesla seem build batch other configur receiv vin havenât gut feel iâd q,0
60,th charact hidden vin order n rwd blueblack,0
61,vin may abl find ship assign vehicl,0
62,model lr blueblack order date dec edd march march vin assign locat wa want see vin log tesla account click manag order page finish load open browser develop tool normal hit f button keyboard consol type follow hit enter see vin one assign eg,1
63,got vin today order page sourc order sr red deliveri alexandria sydney edd order page updat show final balanc payment detail final invoic yet,1
64,hey anyon receiv vin place order around thank,0
65,tesla see peopl want compar order date mean noth vin alloc vin alloc q go anoth week,0
66,got vin sourc code thank maximilian sent enquiri rep ask check ryzen cpu,1
67,got vin deliveri date morn white sr white interior order nov brisban estim deliveri feb,1
68,estim deliveri date vin morn rwd exterior white interior black od th nov edd feb gold coast,1
69,receiv vin edd state wa model standard rang,1
70,woohoo got vin ext white int black model sr od edd feb feb locat chatswood sydney,1
71,got edd vin morn,1
72,come nt receiv vin yet lr od,0
73,receiv vin well rwd od ext white int black edd feb mar still wonder email sa doubl confirm updat got repli morn,1
74,anyon order nov still nt got vin yet,0
75,veda mani other explain pretti clear order built assign way around nt vin yet combo nt built suffici quantiti assign one,0
76,suck would seem like combo nt produc quantiti need current global demand drawn short straw wait white lr agent told origin assum would get round nt get mani expect order one type delay new assum combo also relat common whitewhit lr issu compar order date other would ignor thing like global demand australian specif thread miss massiv amount data chang order chang spec th doubt push back queue silent order eg nt join forum post info onlin lol see veda said metric nt realli help determin deliveri far mani variabl imho best treat preorder without date get vin join veda track,0
77,exact config got edd vin morn alexandria deliveri next produc factori spec could,1
78,order perth wa white exterior black interior standard rang rwd alloc vin deliveri date today estim deliveri march march,1
79,nt dramat tesla build base demand base demand quarter ago confirm veda post ago would specif region lhd vs rhd point order date lot thing ride nt go black white take mine instanc order chang black white interior th would push back subqueu nt know impact order queue either guess compar other share spec around order date get guidelin would take date pinch salt vin person,0
80,lr exterior white interior black od vin notif yet,0
81,od lr whiteblack vin deliveri date rang list,1
82,normal vin alloc system amaz logic work order date mean littl process say repeat begin everi quarter take exampl prove messag peopl vin hold anoth week vin reach advis wait tesla emot rollercoast curv up down ahead delay ahead ship transport everi quarter estim deliveri date untrustworthi move lot amaz system look close last year,0
83,vin got today sr seem indic,0
84,vin f,0
85,awd long rang exterior red interior black od edd yet locat brisban queensland order long rang black interior got vin yet,0
86,vin yet red white interior seen red lr car vin assign yet could wrong though,0
87,th digit vin determin motor type hairpin rwd model r,0
88,ive seen peopl comment payment detail avail time hidden vin avail show document section,0
89,vin yet account gone back week order place date went blank past week,0
90,mine done opposit say week order place date blank mlr whitewhit chatswood order vin yet,0
91,look like thing quiet new vin front today,0
92,lrs alreadi vin mine white interior seen one person say vin assign option,0
93,know veda prime mention order date noth vin alloc super interest know vin latest order date spec talk order decemb,0
94,bad saw one od lr whiteblack vin deliveri date rang list,1
95,receiv vin monday lr whiteblack od edd feb loc nsw heard sa vin alloc manual process happen slow order prior th dec abl receiv vehicl q patient,1
96,heard manual alloc vin base distancetim deliv want make sure deliv q held ship perth prob done earlier need load stuck truck ship mean vin deliveri date close land point still get anyon stand wait long rang perform swap vin deliveri confirm rwd extra cost cours,0
97,know giga shanghai produc car export first day quarter break lhd rhd car compet total rhd export quota market like uk japan taiwan hong kong singapor nz etc vin alloc continu q quota au exhaust anytim mid feb think,0
98,found vin sourc code nt two day ago,1
99,might join pool eager wait vin alloc user haha wks order tradein financ na locat canberra act,0
100,digit code begin lrw sourc code manag page tesla account download chrome extens tesla vin finder,0
101,log site go click manag car order card open browser dev tool f open consol tab type get vin assign,0
102,receiv email sa car come soon text autonexus regist deliv car tesla south australia invoic issu paid full vin issu order date model sr white cautious optimist,0
103,updat got vin sourc code overnight text tesla ask invoic detail etc order rwd exterior blue interior black od edd chatswood pickup vin sourc found motor,1
104,mine four day earlier white interior vin melbourn,0
105,hi ad detail everyon sr rearwheel drive interior black exterior white od edd locat chatswood vin sinc start week ca nt rememb exact day told phone ship eta car th feb told car new cpu heater wiper v upgrad chang rear light invoic yet,1
106,join forum also wait eager car rwd interior black exterior white od edd week updat vin yet locat alexandria tint get think tint must aussi sun plan get one sun shade decid tint roof well mani peopl thread car come around time probabl organis sweet group tint deal sydney enough interest,0
107,look take mine arriv rwd interior white exterior blue od edd week updat vin yet locat perth,0
108,us market would appear number bounc around like crazi australian context would appear accur ie provid product vin assign littl nil edd bounc first time state alway,0
109,show late last night pay final balanc hidden vin rwd interior white exterior white od edd vin found sourc locat brisban,1
110,nice got vin via account page,0
111,order rwd th call th sa told made wk cut week later spoke confirm made cut confid still febmarch deliveri vin edd yet refresh button get workout,0
112,hope weâll see sneaki vin assign afternoon bring weekend,0
113,stage probabl check tesla rep put vin tesla vin decod sure,0
114,anyon order mp got vin yet mp ext white int black od edd wks locat chatswood vin,0
115,nah still wait dont think anyon post got mp vin mp ext silver int black od edd wks locat melbourn vin,0
116,hi everyon tesla recent chang place vin use sourc code updat extens display correct vin tesla order page rn number also futur updat vin locat chang sourc code would still visibl extend order tabl creat page thank,0
117,anyon els blank app deliveri est told mean wait vin assign,0
118,far recal mlr get vin still nt heard anyth hidden code invoic od mlr whiteblack sydney chatswood lr order receiv vin final invoic yet,0
119,updat even deliveri date brought forward week rwd exterior blue interior black od edd chatswood pickup vin sourc found motor,0
120,ask lr whitewhit lr order one first first get vin invoic nt stress still wait vin logic behind order peopl get inform assign vin,0
121,figur product date vin,0
122,lrrmcblackaero fsd order date got call tesla staff need answer go pay question appli financ car come next week vin appli financ day approv deliveri window got vin ever assign car never came bump twice month wait alreadi relat confid reserv bug way tesla staff call tell car come next week nt vin ever assign peopl ident config order month later receiv car phone number could call figur go minut fremont factori nt even need deliv take uber bonus credit approv good day guess take hard credit check hit ever assign vin,0
123,abl pop rn end url get vin one vin decod,0
124,mlr ext white int white od edd week blank sinc last monday locat chatswood vin must say sa respons phone call text last tuesday told vin come âœsoonââ tri stay optimist regard stephen,0
125,wonder thank vin yet,0
126,oh sweet could nt find vin sinc got edd even sourc code use link final thank,0
127,wow haha would nt thought case would thought pull data place stole post thread earlier much easier get vin phone without think hard use method,0
128,sure rest us must get vin week iâm hope anoth round vin assign next day finger cross,0
129,od nov lr blue extra got phone tesla sale speak differ person everi time nt seem sa anyway said edd march feb car next shipment built ryzen chip seem consist messag reason nt got reduc rang accept vin nt assign yet appar vin alloc next week finger cross,0
130,lurk thread day seem like good time make first post vin got alloc today rwd exterior white interior black od vin found sourc edd ca nt find anywher app account locat melbourn financ tesla affili provid tesla account show invoic breakup say pay deposit amount expect updat tesla soon edd,1
131,fyi good url get vin without look sourc one chang rn rn show show time vin extens found sourc,0
132,alreadi vin happen today,0
133,hidden vin week,0
134,would fair say vin yet tesla still shanghai built,0
135,think one vin novemb vin lucki enough get cancel think alloc mine one peopl order octnov would nt count lr vin decemb order,0
136,od look like one vin lr order agre person post earlier place,0
137,order rwd earli decemb vin yet,0
138,experi far longrang order finalis decemb order earlier chang colour vin estim deliveri date alreadi paid invoic receiv invoic time ship left shanghai australia paid servic track ship suggest keep eye port shanghai particular pictur post believ tesla load know destin ship leav port give fair indic locat vehicl current ship head toward australia locat could wrong would think vehicl ship would vin number either receiv invoic come soon wish tesla forthcom inform avoid much uncertainti among wait vehicl,0
139,quiet week vin assign far,0
140,order still wait vin,0
141,order still vin,0
142,order lr red model white interior back nov within week readi payment sad bank drag heel ask tesla extra day top week allow payment said car given someon els sure enough day later cash sinc order model week wait quot time vin updat tesla yet guess bright side build hope ryzen chip tbh better outcom get month earlier,0
143,would alloc somebodi wait vin similar car old stock old comput,0
144,nt think old tech happen someon cancel order vin alloc car goe exist inventori sa alloc car queue smart enough grab narrow window car,0
145,heartbreak wake day wait vin receiv want know car exist,0
146,order msm lr white melbourn deliveri vin yet noth worri workmat order tesla last year happen got vin invoic day deliveri day later time peopl get vin invoic sort date show logic system,0
147,lr yes vin manual alloc vin know tesla donât miss order alloc,0
148,sent email tesla today via âleasingpartnerâ address enquir timelin receiv vin actual car wasnât expect quick respons afternoon someon call said iâd get vin later week latefebruari earlymarch deliveri mlr whiteblack order,0
149,itâ mix bag order date vin expect lot differ date includ late decemb depend built plan built quarter confirm order date mean littl vin assign,0
150,hi dan initi order lr midnovemb chang color first week decemb appar chang order date vin invoic like vedaprim say thing obvious nt make sens next ship china week two behind first also may still get vin day tesla given estim deliveri window also give indic whether first second ship think opinion estim twoweek deliveri window earli februari like first ship window goe march probabl like ship follow,0
151,hi deliveri timefram tesla account wait seen lr got vin begin previous week noth sinc,0
152,curious lr peopl go get vin end week,0
153,get notif via email text messag someth need check account portal receiv vin invoic issu far,0
154,yep order show week week later still vin start product begin jan ca nt imagin built enough popular lr spec look like got shitti alloc procedur,0
155,p issu vin yet order p wb say wks refer vanish past wk quit sure,0
156,yes order got vin assign base spec white extblack int wheel etc melbourn,0
157,begin noobi question prior find forum bit back forth around inclus model build like new ryzen cpu etc via text one phone call messag morn see still thought vin assign would happen month curious chines new year come countri basic goe shutdown time,0
158,sa call say bit delay factori white interior car still deliv march would see vin feb iâv got white lr white interior order order date regard stephen,0
159,vedaprim mention vin alloc normal take week anyway probabl abnorm one yet,0
160,nt receiv anyth sa even vin assign keep refresh till vin final invoic appear account keep refresh pray,0
161,got vin back invoic anoth stori haha,0
162,yea order th definit emot rollercoast ride wait mythic vin alloc lol,0
163,gave refreshingcheck app vin edd wrote crude python script login everi hour search vin send email find one get back import thing lol,0
164,updat order edd vin found sourc code day ago final invoic issu morn car build date invoic decid way go tradein whether tradein tesla sell back origin dealer stevet,1
165,progress today rwd exterior blue interior black od edd chatswood pickup vin sourc found invoic receiv built,0
166,vin order help finish script autom vin check process chang tesla profil page obvious vin begin lrw sourc code anyth els differ,0
167,link show vin glovebox section final invoic avail,0
168,thank still show rn case understand case vin hidden sourc code chang,0
169,got invoic issu today progress far rwd sr white ext black int order date vin assign invoic issu vehicl build date estim deliveri date februari februari locat melbourn,0
170,ask ye shall reciev requir bit mess around wrote raspberri pi mayb keep busi hour wait vin,0
171,yeah howev order new one coordin colour style want confirm vin place order keep option open cancel come chang colour requir,0
172,morn crystal dock shanghai would depend new vin assign start see trickl next week expect week ship delay get port,0
173,one first text messag say vinvehicl vin sourc code,0
174,saw edd updat eg first app web page found vin sourc code receiv follow sms tesla hour later tesla updat vehicl assign order visit tesla account view deliveri estim complet outstand task tslaaccount closer deliveri estim visibl tesla account receiv sms schedul express deliveri appoint,1
175,week wait order car like morn crystal youâll receiv vin earli week other vin alreadi like morn mida,0
176,current posit crystal take norther rout mida tesla ship definit get vin invoic week mida happi day,0
177,us order cut nt vin imagin car boat anoth boat hope vin soon,0
178,look like vin assign happen other mention got vin come morn order made cut quarter rwd sport wheel exterior white interior black od edd alexandria pickup,1
179,sa mention next round vin assign occur around th mayb see cancel come next queue,0
180,jump join wait mp exterior black interior black od edd na vin na nt look like anyon mp got vin yet either,0
181,clue control vin assign probabl cover back side say right case delay,0
182,hey team place order novemb week estim sydney eta portal find vin use url shown account idea vehicl would morn crystal mida anyon found estim drop usual deliveri fall within period mention,1
183,exact config pickup locat order edd later got vin though think batch car en rout mida,0
184,iâm tri understand work exact config order vin edd logic mayb itâ base locat,0
185,hi iâv order model standard rang vin sourc code brisban pick know car come amd ryzen chip intel chip estim deliveri februari thank,1
186,check vin sourc code alway hope,0
187,yes got vin invoic full payment complet build date jan strang may two week later anoth order place later mine lol,0
188,one canberra assign vin chanc,0
189,ok great alway nervous wait vin alloc haha also order rwd white black act,0
190,canberra order mine vin invoic yet,0
191,spoke sale rep miss vin advis next ship come big one car expect vin next bus day order date model long rang locat canberra,0
192,wait tesla nerv wrack wait first born child first born like ultrasound look week tesla like refresh check hidden vin tmc other time day go clean brows histori right post case wife check control purs,0
193,likewis saw good info sure vin specul funni stori sign yesterday think st feb stoopid sign hour midnight pacif time bill midnight lol oh well anoth veda hard work,0
194,would need vin number take advantag servic though,0
195,take full advantag yes join nt vin confid car current right solid guestim arriv friendsfamili think weirdo care much car nt understand nice group like mind peopl,0
196,subscrib vin discord discuss prove worth everi dollar total two month quit happi valu happi vin invoic insur peppermoney sort watch ship crawl along,0
197,order nooption rwd day brisban vin either live vicari expect cours happi time end get car,0
198,long time lurk final join comment order day cutov week stock standard rwd white black seat went chadston vic showroom order car need add tesla corpor program discount sa appli discount told car need deliv mar discount appli vin yet noth app sinc today app say week hope big one ship,0
199,hi first forum post order perform exterior midnight silver interior black order date vin yes issu vin final invoic late novemb perth pickup estim deliveri date read today date ever sinc christma time tick one day time time pass exampl today edd say nd feb th feb tomorrow say rd feb th feb anybodi insight nt contact sa yet thought simpli wait make contact seem odd,1
200,account also say week show edd last week vin yet either od melbourn rwd whiteblack,0
201,would thought morn crystal around day port kembla tesla board would vin possibl invoic,0
202,car order date brisban page nt usual data right also say week order date last time date rang disappear day estim deliveri date seem pretti unreli tesla sale agent pretti consist say deliveri still febmarch pay much attent chang date vin assign hope settl,0
203,sa said vin match complet th,0
204,log morn found final suppli vin also updat screen advis chang rang ryzen chip lock moon model lr redwhit od canberra,1
205,check possibl order agreement certain nt updat site yet nt build date vin ifwhen find let know edit saw gilr respons look like get invoic,0
206,canberra lrs start flow ca nt wait receiv one melbourn od model lr whiteblack melbourn vin yet,0
207,absolut must around corner order sure car boat lucki receiv vin earlier estim deliveri account februari februari line week eta preorder,0
208,mp given vin yet,0
209,arriv dock today assum sydney order truck next week vin allocar deliveri date feb feb,0
210,vin p suspect alloc yet see,0
211,still vin hidden otherwis invoic sydney mlr whiteblack od anyon get lr vin sydney recent,0
212,hey guy fist time poster want get advic expect deliveri even vin alloc said order car arriv end feb earli march still case thank sydney msr whitewhit inch od,0
213,order day spec vin alloc alreadi consid time good chanc also ship inbound,0
214,vin alloc system littl order date built know vin alloc yet yet find built factori return product new year break,0
215,sorri may miss anyon know sure model rwd would come mcu amd chip vin assign australia day final invoic show build date,0
216,day midnight silver tesla lr final get put wheel aussi soil long month soon come end car unload go custom import procedur matter find car transport compani use abl track car use vin number,0
217,think rep mistaken big one origin said two ship way much smaller number tesla compar big one come knowledg though mida crystal come quarter sinc discuss rep receiv vin paid invoic edd show next week week guess car crystal reach rep find exact ship car post find cutoff q aus car appar around th dec order model lr red white interior date edd th feb vin yes locat canberra,0
218,float around part accruat order date nt mean much vin alloc seen later vin,0
219,chanc earlier order miss vin alloc,0
220,order make chang vin one alloc call tesla guy mida pk crystal brisban th pk th,0
221,order nov nt vin yet understand vedaprim said nt realli problem yet edd still week order date,0
222,order base white rwd app show week anyon situat updat tesla advis base order date expect vin alloc next week appar huge backlog order hmmm,0
223,vin alloc hard base order date goe product line expect vin alloc qtr,0
224,quit well vers thing bring see product plan q go base q number know time mid novemb nt build strict vin number order plan schedul build alloc build order expect vin alloc quarter also know order car,0
225,wonder vin assign random order car isnât possibl order time may go unfil exampl know peopl novemb wait vin someon januari one extrem bizarr system iâd pretti upset happen,0
226,mp exterior black interior black od edd na vin na deliveri mulgrav app stil show week deliveri chase sa got told email everyth still track vin alloc within next week two,0
227,may wrong got figur car mida invoic got invoic mida sail shanghai basi got figur vin invoic car crystal must forthcom week almost sound like order car avail,0
228,yeah got feel deliveri mine may order say week sale rep cant tell get vin guess longer wait,0
229,incorrect inform circul order date mean littl vin alloc process,0
230,spoke sa indic massiv backlog admin inform await input system factori end also weird mention australian staff go input dataalloc quarter order help factori catch mention chines new year reason confirm definit q expect vin detail friday side note origin said next week begin call saw date friday said actual friday could bs could told alloc complet week,0
231,god tesla order process infuri order januari probabl vin alreadi,0
232,happi least got vin deliveri around corner peopl nt receiv anyth talk peopl order nov,0
233,order end nov model silverblack int receiv vin deliveri date estim deliveri februari march live sydney,1
234,sound like new vin alloc also sound like forthcom ship mida crystal,0
235,welcom rabbit hole get vin today,0
236,see mida leav pk midnight mean car start process tomorrow suspect everyon car alloc mida vin invoic without ship sail crystal due pk th feb reason leav brisban th could delay timet fit confirm deliveri end feb begin march would seem vin invoic process mida alreadi alloc howev let say thing got control china doubt alloc would think would need complet end week problem vedaprim said mani time demand outstrip suppli mani order enough car waitlist world month tesla run quarter behind order nt know vedaprim identifi anoth shipment march without give much away hesh may least confirm deni,0
237,order canberra mp blueblack got updat via telsacom around pm good news vin alloc bad news estim deliveri grown week guess crystal,1
238,got vin estim deliv march edit total coincid liter min join vedaprim servic went communic tesla vin deliveri window payment info black magic,1
239,wish standard respons let know updat get realli soon nt blame job job assign vin invoic guess mlr whiteblack vin melbourn,0
240,thank updat order post prior order date get vin hope rwd order standard whiteblack get vin edd soon late march better late april glad final get confirm mid decemb order luck soon relax get back order accessori nt realli need,0
241,also receiv vin mp od est deliveri date march melb anoth ship sneak beat end qtr,1
242,ok long rwd blueblack melbourn od vin ad aedt got aw lambda run everi minut look chang edd march â march look like order latest one,0
243,mp chang order got vin morn march deliveri,1
244,wow look like vin come fast last night got vin appear morn well sr redblack adelaid od vin sure find build date deliveri date yet edd blank pretti much whole time origin expect earli march,1
245,congrat receiv notificationtext got vin assign still wait mine,0
246,hope today full lr vin assign lot rwd p model far,0
247,mlr red black vin yet well still show week edd hope lrs get vin assign soon,0
248,also got mine last night sr whiteblack adelaid od vin,1
249,creat account post interest receiv updat order wasnât expect q given order date must cancel home page updat request payment vin found sourc code model rwd ext msm int black od vin edd march march locat sydney,1
250,get lr red white interior got vin invoic last week estim deliveri next week week order date locat canberra,0
251,yes got vin minut ago link provid app still show week ed tho,1
252,hi everyon thought join white rwd black interior od howev initi place order cancel edd week vin yet locat melbourn get feel nt vin alloc yet due initi cancel also pay larger order fee second time around mistak nt know get vin time around anxious wait tesla advisor respond question haha,0
253,correct display final invoic receiv vin tuesday push sa get invoic receiv today,0
254,final join happi club vin model rwd od white exterior black interior vin receiv today ed brisban,1
255,think vin alloc process chang mayb discuss q judg build date receiv vin invoic requir pay either luck alloc manual seem record time,1
256,put link browser replac xxx order number vin appear right click copi link,0
257,yes vin receiv happi,1
258,anyon order mlr white black interior locat sydney got vin yet order got noth,0
259,vin yet brisban order,0
260,spec od sydney vin itâ stuf week even get vin week get car earlier middl mar advertis week canât happi,0
261,receiv vin min ago model rdw ext white int black od vin lrwfxxxxxx edd march march,1
262,got vin earli jan lr whitebalck od vin edd feb,0
263,differ vedaprim give factual updat time time wonât get main benefit vin cours itâ worth join itâ,0
264,still vin od nov longrang black ext white int hope week sinc lot seem come,0
265,also vin lr white white interior order chatswood deliveri regard stephen,0
266,pray lucki vin make corpor plan deliveri cutoff date model rwd ext white int black od vin null edd null,0
267,found hidden vin today order estim deliveri alexandria lfp motor best time pay balanc,1
268,omg found vin sourc nt hour ago good sign right,1
269,model build date th jan hope vin come next day see lot vin assign magic two day,0
270,think shanghai tesla made lot rwd day order date got hidden vin wednesday,1
271,basic vin suppos rd ship assign order date lr earli see assign vin yet rwd similar date deliv next week outta frustrat come regular find assign vin yet rwd jan assign vin honest wait nt increas chanc assign vin excit till last week hope get car coupl week accord sa seem like earliest would late march,0
272,probabl best caus undu stress worth mental load hope get vin soon,0
273,vin came around morn rwd whiteblack edd march vin xx new one understand frustrat wait vin come batch look like rwd done done expect lrp next join veda inform help reckon heap deliveri happen end march tesla nt care order date etc realli infuri watch peopl order week ago get vin sit around month,1
274,hidden vin model rwd whiteblack expect deliveri rdst mar alexandria,1
275,updat hidden vin refer model rwd ext white int black od vin lrwffsncxxxxxx assign feb th edd march alexandria,0
276,canberra unabl last nov car readi car readi would nt bring canberra lock deliveri date paid final invoic nt tesla shop point use rd parti freight compani possibl reason assign vin get final invoic fair soon mayb week wait invoic latest edd given paid nt worri time clear issu someth went wrong,0
277,anyon know lr get vin quarter sure memori least half lr order got vin mayb half know expect vin assign etc etc ok see rwd one day p,0
278,got exact today around edd end march edit vin appear sourc code somehow car got expens need pay extra,1
279,yes order experi exit thought would reason decid push back p lr model order rememb wait time p longer lr calcul actual week sinc order day week insan hope lr got vin well,0
280,yes got edd march vin agre itâ probabl still china,1
281,look day vin actual show account page ownership page show display though,0
282,mine white interior vin today,1
283,got text messag tesla schedul deliveri appoint option choos th th th feb obvious chose th week go rwd sr white ext black int order date vin assign invoic issu vehicl build date estim deliveri date februari februari locat melbourn,0
284,final got vin today although got sever messag say iâd assign vin other say iâd unassign od lr blue black canberra edd mar,1
285,similar sr ex white black order built date invoic vin late jan text today autonexus car deliv south australia earli march,0
286,final updat edd thst march vin found use,1
287,long time lurker vin final invoic order chatswood anyon order chatswood deliveri text yet,1
288,observ vin reveal order date general speak might case someon order two day might get vin rest assur someon order lr day would nt get vin got mine yesterday time someon order day hope get wed next week seem like vin assign lrs hope od melbourn,0
289,order mine lr red still vin,0
290,thank dansyd spoke yesterday told march deliveri though ask would vin come realli think whole tesla deliveri system spars detail,0
291,nt recal ever told vin car buy track car current vehicl journey europ dealer told name ship,0
292,order date still say week locat brisban lr red black int sa told vin alloc end week,0
293,everyth except white ext bris rep thought vin yesterday realli hope today day,0
294,need vin number buy insur use nrma chargfox charg network ev rebat stamp duti appli final invoic rego paper deliveri deliveri super fast noth need prepar car day deliveri warranti problem first ten day bring car servic centr look free,0
295,well quit differ experi sa proactiv call vin confirm respons contact happi sale experi,0
296,use chrome desktop browser right click websit main account page view sourc find ctrlf text estim deliveri find vin check vin assign,0
297,rwd vin xxx report build date deliveri rang given tas anyon vic match spec could add day estim,0
298,hi make partial full payment way see account tesla fund think make small payment first check receiv okay transfer larger balanc white lr vin x deliveri date updat st march th march get closer regard stephen,0
299,thank kevaccount dansyd great appreci love car kevaccount mine exact lr whitewhit current deliveri window march march got vin long wait chase sa final invoic regard stephen,0
300,open account look âorder agreementâ link may invoic alreadi would worri least anoth week two say got invoic vin receiv date,0
